sample_index,actual_PM25,predicted_PM25,absolute_error,pct_error
210,16.88,17.29,0.41,2.5
469,16.76,19.13,2.37,14.2
501,10.47,11.68,1.21,11.6
1147,32.83,21.51,11.32,34.5
1190,13.0,14.15,1.15,8.8
1339,7.0,12.44,5.44,77.7
1427,8.1,11.75,3.65,45.0
1642,10.89,13.12,2.23,20.5
2254,0.11,7.13,7.02,6383.1
3068,56.96,49.82,7.14,12.5
3184,35.33,43.98,8.65,24.5
3353,50.58,63.81,13.23,26.2
3418,202.58,104.94,97.64,48.2
3426,63.0,68.64,5.64,9.0
3609,75.25,84.1,8.85,11.8
3710,20.72,67.79,47.07,227.2
3789,73.12,74.12,1.0,1.4
3847,68.62,89.19,20.57,30.0
4275,64.69,69.58,4.89,7.6
4345,89.16,59.19,29.97,33.6
4520,44.89,53.91,9.02,20.1
4706,156.09,120.65,35.44,22.7
4807,22.33,27.39,5.06,22.7
4991,117.03,139.9,22.87,19.5
5043,48.6,31.19,17.41,35.8
5219,96.4,111.51,15.11,15.7
5511,83.15,62.07,21.08,25.3
5857,68.81,52.32,16.49,24.0
6151,6.58,21.27,14.69,223.2
6423,31.02,45.28,14.26,46.0
6950,11.58,9.47,2.11,18.2
7403,3.43,4.33,0.9,26.2
7473,2.29,4.06,1.77,77.4
7682,5.16,6.11,0.95,18.4
7752,21.69,12.45,9.24,42.6
7781,3.29,7.56,4.27,129.8
8020,19.07,14.53,4.54,23.8
8293,2.6,7.15,4.55,175.0
8304,5.73,7.05,1.32,23.0
8388,3.49,9.07,5.58,160.0
8604,1.15,7.47,6.32,549.9
8698,12.77,8.33,4.44,34.7
8731,14.3,15.28,0.98,6.9
9250,17.17,16.01,1.16,6.8
9733,54.0,71.25,17.25,31.9
9739,60.7,48.62,12.08,19.9
9807,47.77,64.0,16.23,34.0
10297,1.54,6.25,4.71,306.1
10495,80.0,81.54,1.54,1.9
10614,90.09,82.45,7.64,8.5
10806,67.19,90.54,23.35,34.8
10918,50.67,48.06,2.61,5.2
11106,124.07,110.21,13.86,11.2
11400,121.86,131.76,9.9,8.1
11405,121.71,116.69,5.02,4.1
11535,76.31,79.73,3.42,4.5
11827,41.59,36.27,5.32,12.8
11900,56.43,43.85,12.58,22.3
12400,68.14,68.48,0.34,0.5
12578,43.89,38.13,5.76,13.1
13151,16.18,15.05,1.13,7.0
13302,47.33,63.76,16.43,34.7
13388,11.56,12.97,1.41,12.2
13426,33.27,28.07,5.2,15.6
13447,44.0,27.73,16.27,37.0
13610,14.16,13.22,0.94,6.6
13852,6.0,11.66,5.66,94.3
13996,22.0,20.24,1.76,8.0
14328,42.81,18.76,24.05,56.2
14488,4.35,7.16,2.81,64.6
14491,21.0,14.18,6.82,32.5
14658,3.0,4.74,1.74,58.1
14687,9.12,8.65,0.47,5.1
14944,15.93,19.19,3.26,20.5
15270,0.23,7.14,6.91,3003.7
15582,16.12,8.57,7.55,46.8
15665,11.76,11.41,0.35,3.0
15769,11.08,16.23,5.15,46.5
15947,3.25,11.24,7.99,245.7
16330,4.0,13.85,9.85,246.1
16697,6.18,12.42,6.24,100.9
16805,8.53,11.34,2.81,33.0
17268,10.91,11.66,0.75,6.9
18954,32.58,48.56,15.98,49.0
19139,107.7,106.46,1.24,1.2
19648,129.56,154.14,24.58,19.0
19683,78.78,77.69,1.09,1.4
19985,65.33,58.1,7.23,11.1
20134,62.52,51.34,11.18,17.9
20307,12.93,23.61,10.68,82.6
20863,45.05,43.6,1.45,3.2
21030,137.63,182.66,45.03,32.7
21084,83.45,73.98,9.47,11.3
21224,27.0,21.93,5.07,18.8
21283,17.61,22.14,4.53,25.7
21787,21.88,20.66,1.22,5.6
21955,28.75,22.69,6.06,21.1
22934,7.11,10.05,2.94,41.3
23301,9.57,14.35,4.78,50.0
23579,4.47,8.32,3.85,86.2
