feature,importance
PM2.5,0.5280863682266446
nearby_station_PM25,0.17643355949904946
PM25_lag_1,0.03310185694919083
no2_satellite,0.0155085495946976
Temperature,0.015023733517989185
pm25_roll_6h,0.013687092362042743
cos_hour,0.01209790034971407
pm25_roll_3h,0.011906656943678689
PM25_lag_6,0.010852305492822938
PM25_lag_12,0.010617849881496342
cos_month,0.009097172972736482
PM25_lag_3,0.008365743286520321
humidity_roll_6h,0.007793808085665912
Humidity,0.007522200112433796
temp_roll_6h,0.007298570794685255
Pressure,0.007082178246830094
hour,0.00670655275283711
StationId_MH010,0.006346844883369264
Latitude,0.006345135172856584
humidity_roll_3h,0.005976408797532337
temp_roll_3h,0.00593763560758477
PM25_lag_24,0.005860147971851262
rain_roll_3h,0.0053858639570939825
PM25_lag_2,0.005384521525296156
wind_speed_roll_6h,0.0050083249358884195
wind_speed_roll_3h,0.004893245634084199
WindSpeed,0.004644564740906055
day,0.004627275057092879
sin_month,0.0041570819346692725
month,0.004037190975209182
Rainfall,0.003909588184374746
StationId_MH009,0.003904228928968774
CloudCover,0.0038182553159744636
Longitude,0.003811845561713001
is_raining,0.003673787076337542
day_of_week,0.0036314820852293324
sin_hour,0.0036018369717700674
wind_speed_change_1h,0.0034939686435099928
humidity_change_1h,0.0034833308420679334
temp_change_1h,0.00331056043158837
WindDirection,0.003267506069305346
StationId_MH007,0.0022987992641388074
StationId_MH011,0.0021824000065638173
StationId_MH014,0.002059769525896824
StationId_MH008,0.001956485924042168
is_weekend,0.0018098149060490148
